id;title;info;address;date_added;date_modified
1;service-desk Uganda Indiana;Consultant;Administrator;2021-10-20;2021-10-20
2;Web Account;Keyboard;transmit generation;2021-10-19;2021-10-20
3;cultivate EXE;Home;connect blue;2021-10-20;2021-10-20
4;Automotive Awesome;synthesizing Dollar;black withdrawal integrate;2021-10-20;2021-10-20
5;open-source;Optimized grid-enabled;Computer Organized;2021-10-20;2021-10-20
6;Buckinghamshire;technologies;matrix;2021-10-20;2021-10-20
7;Function-based;Outdoors European;Rustic;2021-10-20;2021-10-20
8;cyan payment;Mouse up;Steel Usability Steel;2021-10-20;2021-10-20
9;Rubber Village Up-sized;override indigo Sleek;Lebanon;2021-10-20;2021-10-20
10;Isle Engineer Taiwan;Technician Washington;generation firewall;2021-10-20;2021-10-20
